File_name,Bug,Time
0x00888096c1cdeb35bb3772f9080227aa6c9968ad.sol,FALSE,0.63350749
0x00a2409f41fdf485afd23599219c60a77524bba2.sol,FALSE,0.650561333
0x0111e8a755a4212e6e1f13e75b1eaba8f837a213.sol,FALSE,6.01712155
0x0177584d97c96ba91873a6baaff2797b5b5eeaf9.sol,FALSE,2.64421558
0x01f8c4e3fa3edeb29e514cba738d87ce8c091d3f.sol,FALSE,7.965655088
0x01f8c4e3fa3edeb29e514cba738d87ce8c091d3f.sol,FALSE,7.965655088
0x0223f73a53a549b8f5a9661adb4cd9dd4e25beda.sol,FALSE,13.0320909
0x0223f73a53a549b8f5a9661adb4cd9dd4e25beda.sol,FALSE,13.0320909
0x02ed9b30e7fb4d4e06495c96810aeb2fac8b2989.sol,FALSE,0.605039835
0x0318b6ed6eab2770aeb936fea505e0866c4fc22c.sol,FALSE,2.5864284
0x0318b6ed6eab2770aeb936fea505e0866c4fc22c.sol,FALSE,2.5864284
0x03358425ada4620246dd703dc1f2246b8e148d22.sol,FALSE,0.668258667
0x039963c07e62eb7af39eeeb871cb2de9cbc65d78.sol,TRUE,25.33149004
0x0459ebad0ba09901fda1441ee72e6cb664257f61.sol,TRUE,25.09316945
0x05f49e3e0a27efa05d60c19cd8f0ecc951d3717e.sol,TRUE,91.3959951
0x0685c7bde0a95cd38f8422a3b00af24c465e1d3a.sol,FALSE,7.95184731
0x0694d5eda9d49d371f47aaf8f94dbcfe44d54405.sol,FALSE,0.630838871
0x06adba5ad6c494e536cad8afa1129ab9f7cb99bf.sol,FALSE,0.587104797
0x0784f5a1deb15f0dc6d6be4704f1f095ea825443.sol,FALSE,11.48117375
0x0784f5a1deb15f0dc6d6be4704f1f095ea825443.sol,FALSE,11.48117375
0x07a9b40355aec274821ea633316082b3f3006320.sol,FALSE,7.91022301
0x08f7e145df8b9a10a40674d7ed8396a3a9eae650.sol,FALSE,7.34712005
0x094a5e6e395212bfc6c773b2210409eba4ca19d7.sol,FALSE,1.151437521
0x099764910a38190bbd317857e635e6f461b11119.sol,FALSE,0.695669889
0x09a80172ed7335660327cd664876b5df6fe06108.sol,FALSE,11.97270584
0x09a80172ed7335660327cd664876b5df6fe06108.sol,FALSE,11.97270584
0x0af02d90d359a4628ace226df184c3e8b4b816ff.sol,FALSE,0.587613821
0x0ce20e33ff9fadcf43668fac351b97539e2ac58d.sol,FALSE,1.177372694
0x0d6c969d0004b431189f834203ce0f5530e06259.sol,FALSE,7.58627796
0x0d8603a39663a29134a8957722a059594e89fa53.sol,FALSE,8.92531633
0x0ebfa01ca55f8ddc182f4ba657675ddaa91b4b93.sol,FALSE,6.911006451
0x0f64db5a527850b8fc8025f9c49adb734fdf43ed.sol,FALSE,0.58869648
0x0f73292862b5824909a77289eed9c7e3727fa6ae.sol,FALSE,1.695756197
0x0fabe5a5e3c4ce14bab22a054de7b741cbda30bf.sol,FALSE,2.51869965
0x14a592651ed820e704a32ca1ffd4a646265c0a92.sol,FALSE,7.10563111
0x14db723a05620d3bbe4303f9e566eb2c782e70f0.sol,FALSE,1.495528698
0x1513223c8fbeb5dc6a19fb757dab7a6adb22ee05.sol,FALSE,7.15172839
0x1599470505ec590a2aa85ef8d7dfed7833a60831.sol,FALSE,2.154844761
0x1611ead58474528582420b089e9b3b55bc9af3c1.sol,FALSE,0.62433362
0x163d2e8a7377c7d3fa5ee1a9e5e9d9a0b18d6276.sol,FALSE,7.88365316
0x1641dba4593e32528bd8937fc751901dc66aa60e.sol,FALSE,5.15151119
0x17145ce624b34102e615f3a28705fb0d14c111de.sol,FALSE,1.282642126
0x17e5629660c3ee2ac68498e24e8607a712ba64ff.sol,FALSE,6.33975196
0x18d70bd7bdfa7e424271fe25b527ee0250db5c90.sol,FALSE,0.630071163
0x1b85e0f97c5b3f5f815475f67d9df162cf35d3dc.sol,FALSE,0.597828388
0x1c41b85ba14ef6455a1e2280ca07829d3e810234.sol,FALSE,8.68534994
0x1c8c70478e92abc44843245bd6d88035236b4ed9.sol,FALSE,6.34252429
0x1df927db94417472b04ee6605baff1b930b2ccdc.sol,FALSE,8.00795102
0x1e83b1dce0193d8323ce3160fe4b1653dce49253.sol,FALSE,0.582688808
0x1e8ffb58526e804137b136f94b785f9017724b62.sol,FALSE,1.60239816
0x1e8ffb58526e804137b136f94b785f9017724b62.sol,FALSE,1.60239816
0x1ed8691cea15e9573282175ffa3e23281fce85c0.sol,FALSE,4.45407772
0x1ed8691cea15e9573282175ffa3e23281fce85c0.sol,FALSE,4.45407772
0x1f4a9567c1f98a8c9d7f026827f099b41a2e54d6.sol,FALSE,7.13995981
0x2082a9dfbef18d0b4798845bc564930a5cc436e3.sol,FALSE,1.197636843
0x2082ee2696658f8fd38b837986e02ac8541855da.sol,FALSE,10.67321992
0x2082ee2696658f8fd38b837986e02ac8541855da.sol,FALSE,10.67321992
0x2084c73cdaf9766525a125e44741dfde8d3daa02.sol,FALSE,8.62202787
0x2138ffe292fd0953f7fe2569111246e4de9ff1dc.sol,FALSE,10.06318188
0x22ebab2fba4a1648aa8a0bdaea975738a7810e24.sol,FALSE,5.96298718
0x233265020cc69214aea3edd4192b96d5232bf5ca.sol,FALSE,0.902435303
0x2386ba3872f6e947744790a6e5c9b2a14e4123a2.sol,FALSE,1.076618195
0x23a91059fdc9579a9fbd0edc5f2ea0bfdb70deb4.sol,TRUE,36.3775432
0x24e188a980b0aeab2c68f3eb20cc823af96a36da.sol,FALSE,7.88091636
0x25067272880fa0e49f1cebc988a2eed8485343a6.sol,FALSE,7.48884273
0x25916461372d4735d0baf7f115bce74e58d6333f.sol,FALSE,0.659091949
0x2643ff3b1246f3b00076612406098a136a18ddb2.sol,FALSE,13.23436642
0x2643ff3b1246f3b00076612406098a136a18ddb2.sol,FALSE,13.23436642
0x273dc4c0b19669f9c53f48d170b3f2e18167dad4.sol,FALSE,8.04240131
0x2825b04d1dbc389c6dbbf73c15eb4a0008067274.sol,FALSE,7.61354303
0x299bda4202a1e00cf2971bb863aa11be466a6c4c.sol,FALSE,9.03341699
0x29e737fe68f03cad124d41b73e953ae0b38fe5ab.sol,FALSE,6.13541412
0x2a98d8fc14b31b346ff6c56dc2a252c434f628f2.sol,TRUE,36.04773593
0x2b562ea613ad2f58746935c842d09eb147e1e940.sol,FALSE,8.37497354
0x2b84aad550e5550eebc9bc76184b031adcecfb06.sol,FALSE,5.70161152
0x2c4bcbbaddbf1561a34c90338cd13a8028b5000e.sol,FALSE,1.234411478
0x2d51eef741d906084ce3bacaa0e66e4d261fdccf.sol,FALSE,6.68703723
0x2d51eef741d906084ce3bacaa0e66e4d261fdccf.sol,FALSE,6.68703723
0x318e210b32830f0ea4ccc453426e8efac931df6c.sol,FALSE,7.74403358
0x31b35ec3fa75fa37416bf1a06f7e8e4880c44f49.sol,FALSE,7.86971593
0x325f89386b72087530440e0bceb8490d78b47f21.sol,FALSE,6.37063313
0x325f89386b72087530440e0bceb8490d78b47f21.sol,FALSE,6.37063313
0x3276c0707c0fdac213cac54e5b805664aae403d9.sol,FALSE,1.367524862
0x352dbba201af66f98a47f2b280bff45f9050dbf8.sol,FALSE,7.14294982
0x380e0f015c0a830dc5d25e5f99570ad0be275350.sol,FALSE,7.39720821
0x38926c81bf68130fffc6972f7b5dbc550272eb4e.sol,FALSE,6.27919388
0x38ca499bb3b405fcc4a9cfc9d1c119f0bcf05e6f.sol,FALSE,2.39545178
0x38ca499bb3b405fcc4a9cfc9d1c119f0bcf05e6f.sol,FALSE,2.39545178
0x3916c7c3f9e16014edef882d77c73e7836dc6e32.sol,FALSE,1.345607996
0x395df49c20e34a7ea995cbf546e54f66172992ea.sol,FALSE,10.4700253
0x3c0cd870bb7ed4dadd80c8313645b9107b34e259.sol,FALSE,7.5291152
0x3c42ab93886b2a3ed97f4d9e1d7d7552d94fe9ac.sol,FALSE,7.20698047
0x3d18f83bedc73f2730cf179214976e3c6aab06c3.sol,FALSE,7.2810173
0x3d490ec6940a3be86e0eb5f1a06b0c1271b81ba1.sol,FALSE,7.8617425
0x3d7e982e2b4980ba8aa87be18714a1fc1349ef77.sol,FALSE,10.05871034
0x3e4ecfcfdabb36c1f0058694941801cbb11f6582.sol,FALSE,0.551274776
0x3f7a7fe9b5304042d179deadf2521ea12d97a5c7.sol,FALSE,3.83916092
0x400e115f1be2b646139c298272a43b2cff2b127e.sol,FALSE,3.240330458
0x40322751df290f012b1631341b4a5f413e2bbb6e.sol,FALSE,6.435474873
0x4045b17c1c37cffbafc84d878f36240ab64b6534.sol,FALSE,0.653790236
0x40b10014a17e997e8e55594cbfb4f085c5ec815b.sol,FALSE,6.76845121
0x40b10014a17e997e8e55594cbfb4f085c5ec815b.sol,FALSE,6.76845121
0x41aef9b47f6e37de66e34ce073023b36f1823b2a.sol,FALSE,6.89593816
0x42065e416e2b89d5d410ac4d1247849360e77368.sol,FALSE,7.19568253
0x42503c3dcca420adf53dff5bb1fb176b8773aaa0.sol,FALSE,0.880058765
0x427031400f39cc39a45e93ec76b805fe0d7849f2.sol,FALSE,0.629426956
0x428395c7738c0206a7966719f6ce18c1aae41453.sol,FALSE,1.037310123
0x42a2cf103c99660fbb881f00d779e2b0086b689f.sol,FALSE,6.12749743
0x4320e6f8c05b27ab4707cd1f6d5ce6f3e4b3a5a1.sol,FALSE,9.6585567
0x4320e6f8c05b27ab4707cd1f6d5ce6f3e4b3a5a1.sol,FALSE,9.6585567
0x43326dd7b558cc59b44e998357a28e8649279cfe.sol,FALSE,1.7770083
0x43326dd7b558cc59b44e998357a28e8649279cfe.sol,FALSE,1.7770083
0x451f94927c0c726c2560106da3308d2a204f5d1f.sol,FALSE,6.73168302
0x451f94927c0c726c2560106da3308d2a204f5d1f.sol,FALSE,6.73168302
0x45f0f40297df736fe33efbf703d6ff287cb29cf7.sol,FALSE,14.0133338
0x45f0f40297df736fe33efbf703d6ff287cb29cf7.sol,FALSE,14.0133338
0x45fcf164baffbefaee70a368c96de6f33bdccab0.sol,FALSE,6.92503667
0x463c74b95efef9c58a041edf3e06a610ea275108.sol,FALSE,6.631504297
0x463f235748bc7862deaa04d85b4b16ac8fafef39.sol,FALSE,10.36701608
0x463f235748bc7862deaa04d85b4b16ac8fafef39.sol,FALSE,10.36701608
0x479cbe1f6a7fa4d7e304ae983803c46e85ced870.sol,FALSE,2.13046217
0x479cbe1f6a7fa4d7e304ae983803c46e85ced870.sol,FALSE,2.13046217
0x47e53dd4f108ea392dcc1ebd341e13ea75fbf93b.sol,FALSE,5.912083387
0x489e2685f9601b23c2316e87c6dbb30355a8a813.sol,FALSE,8.2849822
0x48c71f27e217f16962c9a39ff43d815d74f417e1.sol,FALSE,7.59151316
0x4900320fe47208de0b79db1273a78ab8c8f3528d.sol,FALSE,3.80022502
0x4900320fe47208de0b79db1273a78ab8c8f3528d.sol,FALSE,3.80022502
0x491ff72e7b511123b6a6c074fbaef158546982fe.sol,FALSE,6.49777746
0x491ff72e7b511123b6a6c074fbaef158546982fe.sol,FALSE,6.49777746
0x49edf201c1e139282643d5e7c6fb0c7219ad1db7.sol,FALSE,7.00502515
0x4a3e0c60f7fa67e8b65c401ddbbf7c17fea5fe40.sol,FALSE,0.577673912
0x4a614a0d7e157dd40cfffc1bd54231d61363efb0.sol,FALSE,3.36997581
0x4a614a0d7e157dd40cfffc1bd54231d61363efb0.sol,FALSE,3.36997581
0x4ab5435c86ebe9262d642f945ca28bea499c1fe8.sol,TRUE,58.97405744
0x4b23577c0672ab1e436097b7daceadb75e5721c6.sol,FALSE,5.955936909
0x4baa1614c9f57367a9abf63027b9341ea4042a20.sol,FALSE,6.30405307
0x4d10da0724d5dbac5015b22d917e79a882f4e514.sol,FALSE,6.66216969
0x4d10da0724d5dbac5015b22d917e79a882f4e514.sol,FALSE,6.66216969
0x4d2c8d1e351da28cc65f32938fcf6156fbc1d26c.sol,FALSE,0.661610842
0x4d780ebac0028c41dc311d06af3db411e314b791.sol,FALSE,7.08314729
0x4e73b32ed6c35f570686b89848e5f39f20ecc106.sol,TRUE,33.1676755
0x4f86182ff4704330b0f169ed897d608b367015b7.sol,FALSE,10.98430419
0x4f86182ff4704330b0f169ed897d608b367015b7.sol,FALSE,10.98430419
0x4fe60d660e2b2580eb2c6e8328cee66e159fa25c.sol,FALSE,7.69616199
0x506c563ccd1729ee514ce04fbcba3d2ef85bf3cf.sol,FALSE,0.921714067
0x509e82bde98272ed974764414528309e28872302.sol,FALSE,6.88273621
0x509e82bde98272ed974764414528309e28872302.sol,FALSE,6.88273621
0x5102af598ffff4a2cc9d9864f1acdc7633e79006.sol,FALSE,11.5161128
0x5102af598ffff4a2cc9d9864f1acdc7633e79006.sol,FALSE,11.5161128
0x53a39eef083c4a91e36145176cc9f52be29b7288.sol,FALSE,6.15042591
0x53a54c442583d2e844733f179d142c32f3c004b7.sol,FALSE,6.813642979
0x53a9694a87afd4205296554385f7ef59baaf1843.sol,FALSE,1.083688259
0x55c44fbad82686afb0ca41cefb8d086cb937b2e6.sol,FALSE,0.620291233
0x561eac93c92360949ab1f1403323e6db345cbf31.sol,TRUE,31.49662352
0x5689774160fb27235337d328b45664e0d33f05c1.sol,FALSE,6.89184117
0x5689774160fb27235337d328b45664e0d33f05c1.sol,FALSE,6.89184117
0x56968ed69c4269eaad419af20a22c4c16f2f5005.sol,FALSE,7.33704948
0x56ba2ee7890461f463f7be02aac3099f6d5811a8.sol,FALSE,7.371858835
0x56c9b923a1834e4abd1b44aabd2846099890e2ec.sol,FALSE,5.93066645
0x5822360c6d3175c7a9ce2b96cd6411cd1ff5ac92.sol,FALSE,1.91473913
0x58450bf83b92e5ca10dc0aadffa2a34fbce8ee1a.sol,FALSE,1.383707047
0x58ed44f46c279f30fd0a0724d3fed4bc18b11bb0.sol,FALSE,0.674897671
0x58efdf0980dc6818ca8ffb796e3d6a3c7dd5500b.sol,FALSE,1.56402421
0x58fcf11196abaeefdf23198ec4ec9c5237963e17.sol,FALSE,12.59780335
0x58fcf11196abaeefdf23198ec4ec9c5237963e17.sol,FALSE,12.59780335
0x599ce9e4da4844ed1e6a22e4e19a0b998c6b5702.sol,FALSE,6.29163384
0x5b9e8728e316bbeb692d22daaab74f6cbf2c4691.sol,TRUE,47.26054549
0x5c84c9dd997e16578e62c9f7557e708db05c1076.sol,FALSE,0.621230841
0x5e38c0bd4e0ddb71e67b6693ddc4c7d7b4f26b49.sol,FALSE,6.97630715
0x5ef741a65b657a559e2d108957559c68e38a45e1.sol,FALSE,2.71090293
0x5f22fcb251ec7497201cc1f91ed82cbec1a67eab.sol,FALSE,3.35996532
0x5f22fcb251ec7497201cc1f91ed82cbec1a67eab.sol,FALSE,3.35996532
0x5f8a93087c32dd3100a790953dd0436d3e70039c.sol,FALSE,8.36729884
0x60de9d9b062595cf10bc3fbf9ed5a6104befe882.sol,FALSE,5.946237803
0x61a8bd67e7efafa01d97223a25a0ea81a91b91fb.sol,FALSE,1.760506392
0x62500ad71aa50744bbd4917d1a64938897e952bf.sol,FALSE,6.724428654
0x6263e260ff6597180c9538c69af8284edeacec80.sol,FALSE,6.21792722
0x627fa62ccbb1c1b04ffaecd72a53e37fc0e17839.sol,FALSE,12.43232775
0x627fa62ccbb1c1b04ffaecd72a53e37fc0e17839.sol,FALSE,12.43232775
0x628a419592d62cbde91e8d584ee8dae753f973ad.sol,FALSE,4.52820802
0x628a419592d62cbde91e8d584ee8dae753f973ad.sol,FALSE,4.52820802
0x628c5da8b27ffdb08675a7037cd7727bf92dc7f2.sol,FALSE,2.74269319
0x6384fe27b7b6cc999aa750689c6b04acaeab78d7.sol,FALSE,14.76915264
0x6384fe27b7b6cc999aa750689c6b04acaeab78d7.sol,FALSE,14.76915264
0x63dbaa64a522af20a085199f67004db84b277da4.sol,FALSE,15.18421483
0x63dbaa64a522af20a085199f67004db84b277da4.sol,FALSE,15.18421483
0x64dfe5466ef86d921e754fdbdef7cdbb4d7579dd.sol,FALSE,6.6696713
0x64dfe5466ef86d921e754fdbdef7cdbb4d7579dd.sol,FALSE,6.6696713
0x6594edbf239f718558d6cf52947b132282ca6858.sol,FALSE,9.77509475
0x66170cee8e3f262ae9a77288a3b99e7c19a60cef.sol,FALSE,11.70160246
0x66170cee8e3f262ae9a77288a3b99e7c19a60cef.sol,FALSE,11.70160246
0x6630f77801e3d8ee4c624a628d0979ab9e7d111b.sol,TRUE,73.0694222
0x68c7147205a8beb9d99fd19908b93462cdffc60d.sol,FALSE,0.64080596
0x69beaaf17c42508f92b0d72c8085b725207d65a3.sol,FALSE,3.21715879
0x6a72b9813003dbda09b6c03ef9f2521086022585.sol,FALSE,3.97630692
0x6b1fb08639acec6ed415bacab6453b523aec7d4b.sol,FALSE,9.24973989
0x6bd33d49d48f76abcd96652e5347e398aa3fda96.sol,FALSE,0.691733599
0x6bf4ac662f183f3ba1960bd6d6691b7613589d23.sol,FALSE,6.77067661
0x6bf4ac662f183f3ba1960bd6d6691b7613589d23.sol,FALSE,6.77067661
0x6c1bcb34142bffd35f57db626e0ac427af616a4d.sol,FALSE,0.833859444
0x6d56fb76d62bbb01cec94612db6bfad81bf65f3a.sol,FALSE,0.993591309
0x6d9d10d1861973da96f6d526cfb4e0badbf61a3e.sol,FALSE,1.060089588
0x6e0a9440095fad16911009bec3085668a52191e9.sol,FALSE,5.19538164
0x6e1084abb5f391733c1f0b8c5af4d4923f65b1a8.sol,FALSE,5.91011953
0x6e1be153e35f23a9c3b37991e29580e350084403.sol,FALSE,5.43922687
0x6ed23bfba5c1e52d1aa4b1bcc2d67606a243b4d0.sol,FALSE,0.680935383
0x72a932a8f6a7b0b9aa6528cebb68008240901c4a.sol,FALSE,17.75076461
0x72bf3030e276a96539143551bd8f91aff699bf7c.sol,FALSE,0.641268969
0x72f24f6ac0fd55832d968431a45471a9037d40c5.sol,FALSE,6.17252064
0x73bbb94cb75ba2627fef42668b2881412b0d2749.sol,FALSE,3.7465694
0x7541b76cb60f4c60af330c208b0623b7f54bf615.sol,FALSE,1.763183117
0x7705faa34b16eb6d77dfc7812be2367ba6b0248e.sol,FALSE,15.0796194
0x7998b7fcf30d4aed870635155cc62aa55be96f9a.sol,FALSE,7.27049422
0x7bc51b19abe2cfb15d58f845dad027feab01bfa0.sol,FALSE,0.591005087
0x7ee65fe55accd9430f425379851fe768270c6699.sol,FALSE,5.85959172
0x812a935527dac8c340ae875ecb7713fcf85127c6.sol,FALSE,6.65629554
0x83011039a24b1fce5e848cbdded20c0a6e14cbf7.sol,FALSE,15.37788796
0x8302d67bdc44dc0457e0c80312142dd353c9948d.sol,FALSE,6.7793887
0x8355048d74888569ad9f9675ae9b6920f54b9985.sol,FALSE,6.912561178
0x83928d7a16e0cbdf77d555c405a3975d11dcf0fa.sol,FALSE,1.87773943
0x83928d7a16e0cbdf77d555c405a3975d11dcf0fa.sol,FALSE,1.87773943
0x83a216a7d51f9698fce51364d6a258d725e55b54.sol,FALSE,24.729701
0x83a216a7d51f9698fce51364d6a258d725e55b54.sol,FALSE,0.894151688
0x83a3a9b3068911b55a3989df0e642f487d08e424.sol,FALSE,1.964469194
0x85179ac15aa94e3ca32dd1cc04664e9bb0062115.sol,TRUE,33.6703269
0x857a8d8aa8d83562f9118405335bd4a1fb523317.sol,FALSE,6.38248086
0x858c9eaf3ace37d2bedb4a1eb6b8805ffe801bba.sol,FALSE,21.16050339
0x858c9eaf3ace37d2bedb4a1eb6b8805ffe801bba.sol,FALSE,0.729034424
0x85c548a176f86bcaad45e96a7758538ddaba3a65.sol,FALSE,1.070408344
0x86ca189a5e189513b52c2018ca9e4918cffeb54b.sol,FALSE,5.76948237
0x877e5dcd61e8f2ee72f268012484fe92ca1fff31.sol,FALSE,14.23753905
0x877e5dcd61e8f2ee72f268012484fe92ca1fff31.sol,FALSE,14.23753905
0x8897fc893570ce05db621f70d2d4a26d38ad57e9.sol,FALSE,1.823675632
0x88e2f006f55009cdcdb1985bafecf616c51c3688.sol,FALSE,0.61161375
0x896d335daf43b01931bcacaa4cb24fc5e095cea2.sol,FALSE,16.81987906
0x897c6cf1996edfb2126703dcecf038df646298fa.sol,FALSE,20.59415245
0x897c6cf1996edfb2126703dcecf038df646298fa.sol,FALSE,0.709438562
0x89b6dda81ed2ebb5dad7d4cc3f870a7c00b4e641.sol,FALSE,0.667844296
0x89c1b3807d4c67df034fffb62f3509561218d30b.sol,FALSE,10.95687461
0x89c1b3807d4c67df034fffb62f3509561218d30b.sol,FALSE,10.95687461
0x89df456bb9ef0f7bf7718389b150d6161c9e0431.sol,FALSE,10.88214397
0x8a0ede6126dbd227fd56fa3daf9e6b05fbda6e47.sol,FALSE,1.05039477
0x8a0ede6126dbd227fd56fa3daf9e6b05fbda6e47.sol,FALSE,1.05039477
0x8a347485eaa69206eb1a299472eb7495e36448bb.sol,FALSE,1.294507027
0x8b0331536c64f3e9cc3ad509ef4b0bb16df7eee1.sol,FALSE,1.510429382
0x8c7777c45481dba411450c228cb692ac3d550344.sol,TRUE,31.17379141
0x8d46b2a9f3fea145e9869aa8b353d04487eb2374.sol,FALSE,8.578766584
0x8d5571467baf9f6e5c1e7b4408a36fe2582d6280.sol,FALSE,0.862078428
0x8d8ff7ea7015326d7fef637e4e9461207c8ff412.sol,FALSE,0.726732016
0x8db030de5d0ca60f0f93252092e084dc85a3bf63.sol,FALSE,5.38851357
0x8db030de5d0ca60f0f93252092e084dc85a3bf63.sol,FALSE,5.38851357
0x8db0ee1483fbe9db734d8a5e885dc55adfee21a5.sol,FALSE,1.089486122
0x8dc46946d5e56a780ee21ee6029af675a46e39bf.sol,FALSE,8.777485609
0x8e4bd90b9799c87dfdbd1efa3d815386c0c1de63.sol,FALSE,20.11468744
0x8e4bd90b9799c87dfdbd1efa3d815386c0c1de63.sol,FALSE,0.643420696
0x8f8fee13516c3ea820516fee86d13370a9bf1a6c.sol,TRUE,82.1728637
0x90263ea5c57dc6603ca7202920735a6e31235bb9.sol,FALSE,5.89105082
0x90263ea5c57dc6603ca7202920735a6e31235bb9.sol,FALSE,5.89105082
0x903db1bf91cc22964cccfbe1a1875eb3b989f32a.sol,FALSE,0.752563477
0x9166b15cba71be78da4127369e564b2d1f1b3008.sol,FALSE,7.748379946
0x93c32845fae42c83a70e5f06214c8433665c2ab5.sol,TRUE,28.30515528
0x9416d782aebd1078dffdf8890eff5379a52706f3.sol,FALSE,1.092347145
0x941d225236464a25eb18076df7da6a91d0f95e9e.sol,TRUE,29.3983271
0x95d34980095380851902ccd9a1fb4c813c2cb639.sol,TRUE,36.38558507
0x961fa070ef41c2b68d1a50905ea9198ef7dbfbf8.sol,FALSE,9.474873304
0x961fa070ef41c2b68d1a50905ea9198ef7dbfbf8.sol,FALSE,9.474873304
0x9674d14af3ee5ddcd59d3bdca7435e11ba0ced18.sol,FALSE,30.96933556
0x968a92f07df9ec1799e7e25de5b50663e611d38d.sol,FALSE,0.621385336
0x96ddcf85c3798f01dae5212c6984f9cc467111f6.sol,FALSE,5.94767952
0x96ddcf85c3798f01dae5212c6984f9cc467111f6.sol,FALSE,5.94767952
0x96edbe868531bd23a6c05e9d0c424ea64fb1b78b.sol,TRUE,31.5912354
0x96f4efab4ed5251a493e2c94c8baffe898748015.sol,FALSE,0.781501532
0x97354a7281693b7c93f6348ba4ec38b9ddd76d6e.sol,FALSE,0.890248299
0x99b001735036d937b4a11c17a9a44f86fbddf4d0.sol,FALSE,10.51106191
0x99b001735036d937b4a11c17a9a44f86fbddf4d0.sol,FALSE,10.51106191
0x9a4fe70bb7b39127f4772acaf0d000578644b39d.sol,FALSE,15.83757114
0x9a4fe70bb7b39127f4772acaf0d000578644b39d.sol,FALSE,15.83757114
0x9bbb9387c9e2477a6b5d81afece00255875c48ce.sol,FALSE,1.80280089
0x9bbb9387c9e2477a6b5d81afece00255875c48ce.sol,FALSE,1.80280089
0x9e4ad79049282f942c1b4c9b418f0357a0637017.sol,FALSE,10.43075895
0x9e762daeb001dc7778d0eb043d530357f0c4666c.sol,FALSE,14.37605429
0x9e762daeb001dc7778d0eb043d530357f0c4666c.sol,FALSE,14.37605429
0x9eead2301792af12115d125c48966246e5b455a1.sol,FALSE,3.03297615
0x9eead2301792af12115d125c48966246e5b455a1.sol,FALSE,3.03297615
0x9f295a8a492f31572f88b853b800c75dc8cb6cc3.sol,FALSE,12.4678607
0xa0174f796d3b901adaa16cfbb589330462be0329.sol,FALSE,0.920950174
0xa02782aad3e2572ed29785ddfa33ae0c96dfc1da.sol,FALSE,3.67378902
0xa12e294a2a1114a93a180897ad4bf2f05c28f3f6.sol,FALSE,10.15662003
0xa12e294a2a1114a93a180897ad4bf2f05c28f3f6.sol,FALSE,10.15662003
0xa1d56d5296d81bf5b5c6be71ec467c970440ae21.sol,FALSE,12.7372539
0xa1d56d5296d81bf5b5c6be71ec467c970440ae21.sol,FALSE,12.7372539
0xa2a5df962c0a9276b83fffb269c6270339aeb627.sol,FALSE,7.150633335
0xa395480a4a90c7066c8ddb5db83e2718e750641c.sol,FALSE,7.58617473
0xa3bb0578d04d3b8efc6544ad31dd5be136b61db0.sol,FALSE,0.79226017
0xa46cf371d33eed1ef0f234c672353f5c410b6e97.sol,FALSE,0.769935608
0xa4e1cbf64c3b5db2a6e6f23cb5286b97d80b86e3.sol,FALSE,1.392411709
0xa5629861c9c345f50221996ef852fd9665eb1c05.sol,FALSE,0.72761488
0xa5d6accc5695327f65cbf38da29198df53efdcf0.sol,TRUE,30.2282462
0xa7549927eac2004359cf03413a5b1357a812e22e.sol,FALSE,1.017416716
0xa76daa02c1a6411c6c368f3a59f4f2257a460006.sol,FALSE,3.37657976
0xa76daa02c1a6411c6c368f3a59f4f2257a460006.sol,FALSE,3.37657976
0xa7a4b8a7eb3f92fa8e9f4bbad1bd63fc105e9e29.sol,FALSE,10.22710443
0xa7a4b8a7eb3f92fa8e9f4bbad1bd63fc105e9e29.sol,FALSE,10.22710443
0xa7d625031fa8f6b975cf6281eeab974b2e8e2029.sol,FALSE,16.82225323
0xa88146aed78cba4a98eb7f6c25158587a9e49544.sol,FALSE,0.999223948
0xa9b6e2381dee5dd4ea5d6e31e11b3c6f10d35afc.sol,FALSE,0.889204979
0xaa12936a79848938770bdbc5da0d49fe986678cc.sol,FALSE,1.003027201
0xaa4f28fe9d4819fc9e6033e93b0cb0362d132841.sol,FALSE,1.022528887
0xaaca0e4d849169d9e707a43621f190ef87d3fe4b.sol,FALSE,20.55658126
0xaaca0e4d849169d9e707a43621f190ef87d3fe4b.sol,FALSE,0.646763086
0xab78561558d06ace60f206d9fcaac65bb1cfdee2.sol,FALSE,0.993645668
0xaf13d6c47cfc920ef67070c3450da659f2170342.sol,FALSE,19.4984262
0xaf2725a637e4134587a7ff887c0bd6d20a49d739.sol,FALSE,1.215753794
0xaf98a2bc242d93b5206b2ea7cf26e31d82c5873b.sol,FALSE,0.694988012
0xb0510d68f210b7db66e8c7c814f22680f2b8d1d6.sol,FALSE,12.1201968
0xb07a66f0615e922abb9c6eb56f40adf843e0e391.sol,FALSE,1.238559961
0xb0d1132d97b2eb4a08b6d2f9379039610c3a0956.sol,FALSE,3.22122431
0xb0d1132d97b2eb4a08b6d2f9379039610c3a0956.sol,FALSE,3.22122431
0xb172bb8baae74f27ade3211e0c145388d3b4f8d8.sol,FALSE,4.41324902
0xb172bb8baae74f27ade3211e0c145388d3b4f8d8.sol,FALSE,4.41324902
0xb2239c814081950de758d3bf601d3cacbce6477b.sol,FALSE,10.76904845
0xb24e9e3dc822daa8ace9af9c9b2ff8ab8348bc93.sol,FALSE,7.94612646
0xb24e9e3dc822daa8ace9af9c9b2ff8ab8348bc93.sol,FALSE,7.94612646
0xb2d5468cf99176da50f91e46b2c06b7bdb9d2656.sol,FALSE,14.51673436
0xb2d5468cf99176da50f91e46b2c06b7bdb9d2656.sol,FALSE,14.51673436
0xb2eb463fd68ba808a7864b8f9f021383bf96b01a.sol,FALSE,1.113262892
0xb37f18af15bafb869a065b61fc83cfc44ed9cc27.sol,FALSE,10.94380236
0xb40b8e3c726155ff1c6eebd22067436d0e2669dd.sol,FALSE,1.029561758
0xb4a448387403554616eb5b50aa4c48f75243a015.sol,FALSE,5.5665555
0xb4a448387403554616eb5b50aa4c48f75243a015.sol,FALSE,5.5665555
0xb4c05e6e4cdb07c15095300d96a5735046eef999.sol,TRUE,51.2077949
0xb5766f61911f8b520b0e938aae100834aa3048c6.sol,FALSE,1.19787598
0xb5766f61911f8b520b0e938aae100834aa3048c6.sol,FALSE,1.19787598
0xb5e1b1ee15c6fa0e48fce100125569d430f1bd12.sol,TRUE,29.73045707
0xb620cee6b52f96f3c6b253e6eea556aa2d214a99.sol,FALSE,0.933433771
0xb62b7cd5de408e6cfa39d50def57c1ac1ef279fc.sol,FALSE,1.002100468
0xb69d64383103afe6871d659d15d51bb106d66dc1.sol,FALSE,1.037858248
0xb6a5f50b5ce5909a9c75ce27fec96e5de393af61.sol,FALSE,4.832942
0xb6aca06a3588f4ce5ce33a1a7e9152892b250ca3.sol,FALSE,0.84512043
0xb7c5c5aa4d42967efe906e1b66cb8df9cebf04f7.sol,TRUE,95.4383974
0xb7c5c5aa4d42967efe906e1b66cb8df9cebf04f7.sol,TRUE,0.980512142
0xb8b4d5c7355a096a32afcdf5463dea406eec5223.sol,FALSE,7.759297132
0xb92722dad16952169ef9ceb91a76e79f1d1947ad.sol,FALSE,12.53120065
0xb92722dad16952169ef9ceb91a76e79f1d1947ad.sol,FALSE,12.53120065
0xb93430ce38ac4a6bb47fb1fc085ea669353fd89e.sol,FALSE,7.883695126
0xb94c06b81d11bf68cbafe3694272bfc1d4edd9f1.sol,FALSE,5.43141723
0xb94c06b81d11bf68cbafe3694272bfc1d4edd9f1.sol,FALSE,5.43141723
0xb96c1499e58378b065a653094e34a793d6e3439d.sol,FALSE,0.911915541
0xba40f56b536a297139570e0a4c74546dd27fd0f0.sol,FALSE,1.109926701
0xbaaf2d963af21aa176835df10fa5621374c8cb17.sol,FALSE,1.078745365
0xbabfe0ae175b847543724c386700065137d30e3b.sol,FALSE,7.059669256
0xbacf8282704cb4db50f2459db29f2e3c7cf181d8.sol,FALSE,16.15031862
0xbc8645af8aed2dd77c04639d2f338f4e09b6adca.sol,FALSE,18.53952718
0xbd29d25141764346bae6dc2dc5dddfba37a600d2.sol,FALSE,3.75004578
0xbd29d25141764346bae6dc2dc5dddfba37a600d2.sol,FALSE,3.75004578
0xbd2e5ea5aacfde4bac35d5871e1842911f835018.sol,FALSE,5.15492558
0xbd2e5ea5aacfde4bac35d5871e1842911f835018.sol,FALSE,5.15492558
0xbe4eee50c1fa98b8f2f0edcc4cccae6646b4ce2c.sol,FALSE,3.66748214
0xbe4eee50c1fa98b8f2f0edcc4cccae6646b4ce2c.sol,FALSE,3.66748214
0xbff8c925757009c2b0d295f0891c3eb27be78268.sol,FALSE,18.40536547
0xc05be003329a98d94b87a868c1db40a5d6853107.sol,FALSE,8.6399109
0xc0aa69e24533f99fd95757e471d93ba7ea4b1c50.sol,FALSE,5.62555599
0xc0aa69e24533f99fd95757e471d93ba7ea4b1c50.sol,FALSE,5.62555599
0xc1dcb60c2ec168c8078064903abb746c566a230f.sol,FALSE,8.469203234
0xc2a0da9cd06266fb1d599acee77daa5b5e0f901f.sol,FALSE,17.18764114
0xc2b8c1cab3c9ad9326e91e030e5b095c73e2b668.sol,FALSE,20.1136115
0xc314e8f2150cb9075ff0744234739af891df929d.sol,FALSE,0.977468729
0xc41f889947be4c71bf97d383ec15f83d8cceec75.sol,FALSE,6.29802179
0xc524639a1c9d2e5efbc1937ebf7255cf06d85ae2.sol,FALSE,1.13530612
0xc71a9429030d826001371da65c7a10888b1d18fc.sol,FALSE,0.862387896
0xc7c79f7d8b02c5a573e7bfde8e392bc532eabe99.sol,FALSE,3.52286148
0xc7c79f7d8b02c5a573e7bfde8e392bc532eabe99.sol,FALSE,3.52286148
0xc85b0c4874b8f06bfb3f9b65f252d60f962e60b7.sol,FALSE,5.99187756
0xc85b0c4874b8f06bfb3f9b65f252d60f962e60b7.sol,FALSE,5.99187756
0xc88df5326fcced20cb1a3a441df4f955f4aa23ae.sol,FALSE,7.305679083
0xc8d2881128dbe1534495a85edf716278b892c037.sol,FALSE,5.21107078
0xc8d2881128dbe1534495a85edf716278b892c037.sol,FALSE,5.21107078
0xc8ff6772f605a139c40b32d5d87d54994c705c6b.sol,FALSE,0.79422903
0xca9ab06bf34a12ab7c5924b6463d2cf434fc2567.sol,FALSE,16.11956692
0xca9ab06bf34a12ab7c5924b6463d2cf434fc2567.sol,FALSE,16.11956692
0xcb6fe98097fe7d6e00415bb6623d5fc3effa4e83.sol,FALSE,1.274076223
0xcbe7ab529a147149b1cf982c3a169f728bc0c3ca.sol,FALSE,19.52264142
0xcc1229e33a4d5f011ce9bf7ab605a8a6264bd01d.sol,FALSE,14.98005581
0xcc1229e33a4d5f011ce9bf7ab605a8a6264bd01d.sol,FALSE,14.98005581
0xcd3e9a892326d5ecee77c1e2380d2ef20dab119f.sol,FALSE,1.397365332
0xcdfe013bf5eba4627f7bf0d65499a2296d7d6ee4.sol,FALSE,1.163232565
0xce16dfc1db5f9c8edc89be5653f6f45551dc8277.sol,FALSE,5.32018113
0xce16dfc1db5f9c8edc89be5653f6f45551dc8277.sol,FALSE,5.32018113
0xce566351442ffadaca79320e0c52788fa36910e1.sol,FALSE,3.76079583
0xce566351442ffadaca79320e0c52788fa36910e1.sol,FALSE,3.76079583
0xce5c603c78d047ef43032e96b5b785324f753a4f.sol,FALSE,5.79040504
0xce5c603c78d047ef43032e96b5b785324f753a4f.sol,FALSE,5.79040504
0xcead721ef5b11f1a7b530171aab69b16c5e66b6e.sol,FALSE,1.021811485
0xcef76ac06ee4dfaca24feaf000cd44cf43f30ce0.sol,TRUE,26.63920999
0xcef8897137700e63c0730c64a02a058f88e3cdf9.sol,FALSE,1.188290834
0xcf265a52d48b1408c00d585e28e0738aae27b0f3.sol,FALSE,0.849858522
0xcf2f1d0ae77b7d6ec1e5961978dbfdcce6f007f7.sol,FALSE,4.64685178
0xcf2f1d0ae77b7d6ec1e5961978dbfdcce6f007f7.sol,FALSE,4.64685178
0xcf91d43b85a5c53d85c567d4eed972965335aeea.sol,FALSE,7.8926153
0xd022969da8a1ace11e2974b3e7ee476c3f9f99c6.sol,FALSE,9.817169428
0xd10e893b4d75f266407c23ffdd1c12482cc84d09.sol,FALSE,0.945773125
0xd116d1349c1382b0b302086a4e4219ae4f8634ff.sol,TRUE,48.36510253
0xd318914b05ad3c4be34e71e02d4fab8dbf66dc57.sol,FALSE,9.60838985
0xd318914b05ad3c4be34e71e02d4fab8dbf66dc57.sol,FALSE,9.60838985
0xd379947b8a2f6c9232d518c85e9e5845bb8bb562.sol,FALSE,1.31479764
0xd3a349029378b48fe696ed2f7f5d0560e51a7b3a.sol,FALSE,7.28541517
0xd4eb8e0bb87c1630c34b7d39a5fa74b67bcce3d1.sol,FALSE,0.665520906
0xd518db222f37f9109db8e86e2789186c7e340f12.sol,FALSE,8.895367146
0xd518db222f37f9109db8e86e2789186c7e340f12.sol,FALSE,8.895367146
0xd529adae263048f495a05b858c8e7c077f047813.sol,FALSE,0.949553251
0xd597e599afff4da2cba22a4a6b9bda0e8a3b3db1.sol,FALSE,0.924545765
0xd5ae5111eb0e8b9a13260f52521a4b6fa0880fec.sol,FALSE,0.689825058
0xd69b75d5dc270e4f6cd664ac2354d12423c5ae9e.sol,FALSE,0.657521963
0xd6d29815329bc0b31c5b3ce13683441afabf0ef6.sol,FALSE,1.33052945
0xd6d29815329bc0b31c5b3ce13683441afabf0ef6.sol,FALSE,1.33052945
0xd7293f80c77fec2abaeed126cf33cacc49e80c3c.sol,FALSE,14.94996357
0xd7293f80c77fec2abaeed126cf33cacc49e80c3c.sol,FALSE,14.94996357
0xd80e96496cd0b3f95bb4941b1385023fbca1e6ba.sol,FALSE,10.67374158
0xd80e96496cd0b3f95bb4941b1385023fbca1e6ba.sol,FALSE,10.67374158
0xd877d120525a289a6d99dcf602de2c438f8fbcb0.sol,FALSE,13.0516336
0xd877d120525a289a6d99dcf602de2c438f8fbcb0.sol,FALSE,13.0516336
0xd8dfd55f6cd335bfa561bd2a5bb942cdf65e62d7.sol,FALSE,1.004956245
0xd96053c281c1424eff97c5739c6a86d572519227.sol,FALSE,1.041866064
0xd9c1685fab2faa7041f4f6268300fc0cbd5bc866.sol,FALSE,24.8924253
0xd9c1685fab2faa7041f4f6268300fc0cbd5bc866.sol,FALSE,0.911296129
0xd9f4f702fb38ba86e87f32574124b48f0269e7a0.sol,FALSE,1.26925325
0xd9f4f702fb38ba86e87f32574124b48f0269e7a0.sol,FALSE,1.26925325
0xdabb0a62894a19c0d4cb86bed6cfdfee7c4652c2.sol,FALSE,8.05714321
0xdabb0a62894a19c0d4cb86bed6cfdfee7c4652c2.sol,FALSE,8.05714321
0xdb86abadd4c34dfacea4926da92b8e930061ce30.sol,FALSE,7.644682407
0xdd17afae8a3dd1936d1113998900447ab9aa9bc0.sol,TRUE,32.17923856
0xdd4950f977ee28d2c132f1353d1595035db444ee.sol,FALSE,0.914429665
0xdd71e35f680bb5adc77c6d1d9ef5793598e613dc.sol,FALSE,1.286885262
0xdd91fa3b84b1080f3b618cbc47e06c57def689b9.sol,FALSE,0.82421422
0xddabca696af8608452b3451b7d70fff57d0ca3e7.sol,FALSE,1.52664757
0xddabca696af8608452b3451b7d70fff57d0ca3e7.sol,FALSE,1.52664757
0xdde1cddbbc4bfc0d2e9f5b2957456a2b651aaa6b.sol,FALSE,10.60795736
0xdde1cddbbc4bfc0d2e9f5b2957456a2b651aaa6b.sol,FALSE,10.60795736
0xde0f087ba406df4e2472c274dd36e80904095ff1.sol,FALSE,0.936125517
0xdf4b83a451ef20b925ce39f4da2a021722688370.sol,FALSE,1.081310272
0xdf6a48c688384d816d2fc1a7823dde41c39eee59.sol,FALSE,0.975464106
0xdf6cdd30296592d992ffc8b5c91bbf798db954ec.sol,FALSE,0.971034765
0xdf6f02b1dfe5bf3eccf7c0436a4f5518f11eb66e.sol,FALSE,0.970808983
0xdf7476971a1fc9ea7adc83d31b6fa3d1b8a729a6.sol,FALSE,0.965784073
0xdf76a9a2a204fbfc832de27fedb852c0cfc45d94.sol,FALSE,0.961465836
0xdfad1e3ad1c713a02a5c38c0c376f0c43863be4e.sol,FALSE,0.72234273
0xdfe6a14a9b970f9c5624df584ed55ff61712add9.sol,FALSE,1.047516108
0xe0fdbc042fdccbeb197c40ea511ecd1b8e65c019.sol,FALSE,5.6298418
0xe13e62970687ce1e85adcd8eeb8bb9f2a5d7b566.sol,FALSE,1.300128937
0xe14eac83b3bb1bb7b265bf298c348264f8399834.sol,FALSE,1.7813656
0x1d0154f79fc8e318b50dc1949be9fc4946584026.sol,FALSE,41.1432097
0xe304283c3e60cefaf7ea514007cf4e8fdc3d869d.sol,FALSE,8.76391768
0xe32d4b844e45150911d85613c93b33910ec615a5.sol,FALSE,1.08700943
0xe367fe584adad878b9174ea4ddd8571878016811.sol,FALSE,9.6314528
0xe367fe584adad878b9174ea4ddd8571878016811.sol,FALSE,9.6314528
0xe459238ede66ab1b2b19c9acf37dca27b922d191.sol,FALSE,3.11028171
0xe459238ede66ab1b2b19c9acf37dca27b922d191.sol,FALSE,3.11028171
0xe4960ce78691f1547a7088262599efc8a8bee69a.sol,FALSE,2.21247029
0xe4960ce78691f1547a7088262599efc8a8bee69a.sol,FALSE,2.21247029
0xe58b65d1c0c8e8b2a0e3a3acec633271531084ed.sol,FALSE,0.660920382
0xe5ed4bd856790dde4de0dd411afcd0221256fd08.sol,FALSE,3.3898015
0xe5ed4bd856790dde4de0dd411afcd0221256fd08.sol,FALSE,3.3898015
0xe63760e74ffd44ce7abdb7ca2e7fa01b357df460.sol,FALSE,0.995946169
0xe6de00bb9040568bfadfc6a45a03d82a0afa57ad.sol,FALSE,2.9183474
0xea5d9e993e1133d0419a9e3fdde3654a08be7eed.sol,FALSE,7.11288404
0xea5d9e993e1133d0419a9e3fdde3654a08be7eed.sol,FALSE,7.11288404
0xea78b17b5828997a3b885a8c15a208ba4f80dadd.sol,FALSE,3.37478209
0xea78b17b5828997a3b885a8c15a208ba4f80dadd.sol,FALSE,3.37478209
0xea88c23690b9f12ac6941e8a229aa4f94c72b8db.sol,FALSE,1.152574062
0xea9c15f733ee4cd9e24c97bdddd66077a757b474.sol,FALSE,0.873237371
0xeb0e067d58db676644c470781021a857c6f517f1.sol,FALSE,1.48045516
0xeb0e067d58db676644c470781021a857c6f517f1.sol,FALSE,1.48045516
0xeb36a7650ef32f0643d39cf5b7fcefd4319febb9.sol,FALSE,1.237241983
0xeb80ca0138a8444f761143c177b894513ff12f01.sol,FALSE,10.33044529
0xeb833733a8a2e3d0f722cd181cd027dbca015eff.sol,FALSE,0.989089251
0xebcb9bf5a615e6f00316a25c62f79333a0b49871.sol,FALSE,1.295423269
0xec2bc359460b4421f8a3ca3d6329a9a213861be2.sol,FALSE,15.93641615
0xec2bc359460b4421f8a3ca3d6329a9a213861be2.sol,FALSE,15.93641615
0xecb8457a9ae61578540fc36a537f876ecb3c1277.sol,FALSE,0.663158178
0xee68907c93b57d57a1c4d60940ff1b310e18e467.sol,FALSE,2.2951243
0xef511cd832613f77a6c6cc8ab5ce6a8b4181c9ba.sol,FALSE,13.25278091
0xef511cd832613f77a6c6cc8ab5ce6a8b4181c9ba.sol,FALSE,13.25278091
0xefe2f75faae72e08a7aa8aa1d9cc644a000a3fd6.sol,FALSE,4.20754123
0xf015c35649c82f5467c9c74b7f28ee67665aad68.sol,FALSE,1.039815187
0xf189d30608a2a1c9d31202620f812461d6b1393d.sol,FALSE,19.3197124
0xf1e7c45181fd876b2722bbfa5a44fa41ff5a9269.sol,FALSE,5.51839828
0xf1e7c45181fd876b2722bbfa5a44fa41ff5a9269.sol,FALSE,5.51839828
0xf24f5ce1b6c60077ba50906ccc1674d0b38dede9.sol,FALSE,0.693930149
0xf518348e86027bd203b56fb913d6bb1502533f05.sol,FALSE,9.467210293
0xf518348e86027bd203b56fb913d6bb1502533f05.sol,FALSE,9.467210293
0xf557ae02978e74aab75009cb354e7e1570afa59e.sol,FALSE,1.46470451
0xf557ae02978e74aab75009cb354e7e1570afa59e.sol,FALSE,1.46470451
0xf748a20ef5be9d6145a6a8e4297e5652df82ffc8.sol,FALSE,3.0246694
0xf750092e2339fc64bd2c97a3d6cd74d019a95f94.sol,FALSE,12.5892067
0xf750092e2339fc64bd2c97a3d6cd74d019a95f94.sol,FALSE,12.5892067
0xf87865c9e297c4373714a0c29990f47408848b82.sol,FALSE,10.76311684
0xf9591aa03a869fb19abad18b820c38a28543a178.sol,FALSE,0.982191324
0xfae8c1c08360a9b4465ec3244c6a04881b422ed5.sol,FALSE,1.8521292
0xfb1af109fc82685451a192ad86c2084183f0f2d6.sol,FALSE,15.24379635
0xfb1af109fc82685451a192ad86c2084183f0f2d6.sol,FALSE,15.24379635
0xfbe2fff3145e08a21a9d9c8d5f20c01706939647.sol,FALSE,1.286227226
0xfc8bc68b8f8b6a45474f9276c4bc85cfc6f8dbd8.sol,FALSE,6.05301595
0xfcb4393e7faef06fab01c00d67c1895545aff3b8.sol,FALSE,15.74392223
0xfcb4393e7faef06fab01c00d67c1895545aff3b8.sol,FALSE,15.74392223
0xfd2ec9e1208bdbefbcc0bbe493922ec29b97d183.sol,FALSE,0.675889969
0xfd4b392ca5495459044b9eca9856cdab0a596b33.sol,FALSE,1.439215899
0xff1667bddc9b832a0022bbfc6c586bd299262d94.sol,FALSE,6.02967381
0xff1667bddc9b832a0022bbfc6c586bd299262d94.sol,FALSE,6.02967381
0xff7a1d565ff66406639bd45482e0a7d0a82845df.sol,FALSE,0.940540075
0xffa5d49dc77dec17aeaaa3580c7c1060f4709f0c.sol,FALSE,2.34483981
0xffa5d49dc77dec17aeaaa3580c7c1060f4709f0c.sol,FALSE,2.34483981
0x1c705ecdfe2793ca67f6baf960a7ee88b957f629.sol,FALSE,7.91123242
0x1b822b46f24a370987f90e331753a123039447b2.sol,FALSE,7.756142911
